<?xml version="1.0" ?>
<emps>
	<emp>
		<empno>10</empno>
		<ename>aaa</ename>
		<salary>1000</salary>
	</emp>
	<emp>
		<empno>20</empno>
		<ename>bbb</ename>
		<salary>2000</salary>
	</emp>
	<emp>
		<empno>30</empno>
		<ename>ccc</ename>
		<salary>3000</salary>
	</emp>
	<emp>
		<empno>30</empno>
		<ename>ccc</ename>
		<salary>3000</salary>
	</emp>
	<emp>
		<empno>30</empno>
		<ename>ccc</ename>
		<salary>3000</salary>
	</emp>
	<emp>
		<empno>30</empno>
		<ename>ccc</ename>
		<salary>3000</salary>
	</emp>
	<emp>
		<empno>30</empno>
		<ename>ccc</ename>
		<salary>3000</salary>
	</emp>
	<emp>
		<empno>30</empno>
		<ename>ccc</ename>
		<salary>3000</salary>
	</emp>
	<emp>
		<empno>30</empno>
		<ename>ccc</ename>
		<salary>3000</salary>
	</emp>
	<emp>
		<empno>30</empno>
		<ename>ccc</ename>
		<salary>3000</salary>
	</emp>
	<emp>
		<empno>30</empno>
		<ename>ccc</ename>
		<salary>3000</salary>
	</emp>
	<emp>
		<empno>30</empno>
		<ename>ccc</ename>
		<salary>3000</salary>
	</emp>
</emps>